sadmona,21-46-21
tata,21-46-21
tesla,21-46-21
sadmona,21-46-22
tata,21-46-22
tesla,21-46-22
sadmona,21-46-22
tata,21-46-22
tesla,21-46-22
sadmona,21-46-22
tata,21-46-22
tesla,21-46-22
sadmona,21-46-22
tata,21-46-22
tesla,21-46-22
sadmona,21-46-22
tata,21-46-22
tesla,21-46-22
sadmona,21-46-22
tata,21-46-22
tesla,21-46-22
sadmona,21-46-22
tata,21-46-22
tesla,21-46-22
sadmona,21-46-22
tata,21-46-22
tesla,21-46-22
sadmona,21-46-22
tata,21-46-22
tesla,21-46-22
sadmona,21-46-22
tata,21-46-22
tesla,21-46-22
sadmona,21-46-22
tata,21-46-22
tesla,21-46-22
sadmona,21-46-22
tata,21-46-22
tesla,21-46-22
sadmona,21-46-22
tata,21-46-22
tesla,21-46-22
sadmona,21-46-22
tata,21-46-22
tesla,21-46-22
sadmona,21-46-22
tata,21-46-22
tesla,21-46-22
sadmona,21-46-22
tata,21-46-22
tesla,21-46-22
sadmona,21-46-22
tata,21-46-22
tesla,21-46-22
sadmona,21-46-22
tata,21-46-22
tesla,21-46-22
sadmona,21-46-22
tata,21-46-22
tesla,21-46-22
sadmona,21-46-22
tata,21-46-22
tesla,21-46-22
sadmona,21-46-22
tata,21-46-22
tesla,21-46-22
sadmona,21-46-22
tata,21-46-22
tesla,21-46-22
sadmona,21-46-22
tata,21-46-22
tesla,21-46-22
sadmona,21-46-22
tata,21-46-22
tesla,21-46-22
sadmona,21-46-22
tata,21-46-22
tesla,21-46-22
sadmona,21-46-22
tata,21-46-22
tesla,21-46-22
sadmona,21-46-22
tata,21-46-22
tesla,21-46-22
sadmona,21-46-22
tata,21-46-22
tesla,21-46-22
sadmona,21-46-23
tata,21-46-23
tesla,21-46-23
sadmona,21-46-23
tata,21-46-23
tesla,21-46-23
sadmona,21-46-23
tata,21-46-23
tesla,21-46-23
sadmona,21-46-23
tata,21-46-23
tesla,21-46-23
sadmona,21-46-23
tata,21-46-23
tesla,21-46-23
sadmona,21-46-23
tata,21-46-23
tesla,21-46-23
sadmona,21-46-23
tata,21-46-23
tesla,21-46-23
sadmona,21-46-23
tata,21-46-23
tesla,21-46-23
sadmona,21-46-23
tata,21-46-23
tesla,21-46-23
sadmona,21-46-23
tata,21-46-23
tesla,21-46-23
sadmona,21-46-23
tata,21-46-23
tesla,21-46-23
sadmona,21-46-23
tata,21-46-23
tesla,21-46-23
sadmona,21-46-23
tata,21-46-23
tesla,21-46-23
sadmona,21-46-23
tata,21-46-23
tesla,21-46-23
sadmona,21-46-23
tata,21-46-23
tesla,21-46-23
sadmona,21-46-23
tata,21-46-23
tesla,21-46-23
sadmona,21-46-23
tata,21-46-23
tesla,21-46-23
sadmona,21-46-23
tata,21-46-23
tesla,21-46-23
sadmona,21-46-23
tata,21-46-23
tesla,21-46-23
sadmona,21-46-23
tata,21-46-23
tesla,21-46-23
sadmona,21-46-23
tata,21-46-23
tesla,21-46-23
sadmona,21-46-23
tata,21-46-23
tesla,21-46-23
sadmona,21-46-23
tata,21-46-23
tesla,21-46-23
sadmona,21-46-23
tata,21-46-23
tesla,21-46-23
sadmona,21-46-23
tata,21-46-23
tesla,21-46-23
sadmona,21-46-23
tata,21-46-23
tesla,21-46-23
sadmona,21-46-23
tata,21-46-23
tesla,21-46-23
sadmona,21-46-23
tata,21-46-23
tesla,21-46-23
sadmona,21-46-23
tata,21-46-23
tesla,21-46-23
sadmona,21-46-23
tata,21-46-23
tesla,21-46-23
sadmona,21-46-24
tata,21-46-24
tesla,21-46-24
sadmona,21-46-24
tata,21-46-24
tesla,21-46-24
sadmona,21-46-24
tata,21-46-24
tesla,21-46-24
sadmona,21-46-24
tata,21-46-24
tesla,21-46-24
sadmona,21-46-24
tata,21-46-24
tesla,21-46-24
sadmona,21-46-24
tata,21-46-24
tesla,21-46-24
sadmona,21-46-24
tata,21-46-24
tesla,21-46-24
sadmona,21-46-24
tata,21-46-24
tesla,21-46-24
sadmona,21-46-24
tata,21-46-24
tesla,21-46-24
sadmona,21-46-24
tata,21-46-24
tesla,21-46-24
sadmona,21-46-24
tata,21-46-24
tesla,21-46-24
sadmona,21-46-24
tata,21-46-24
tesla,21-46-24
sadmona,21-46-24
tata,21-46-24
tesla,21-46-24
tata,21-49-15
tesla,21-49-15
tata,21-49-15
tesla,21-49-15
tata,21-49-15
tesla,21-49-15
tata,21-49-15
tesla,21-49-15
tata,21-49-15
tesla,21-49-15
tata,21-49-15
tesla,21-49-15
tata,21-49-15
tesla,21-49-15
tata,21-49-15
tesla,21-49-15
tata,21-49-15
tesla,21-49-15
tata,21-49-15
tesla,21-49-15
tata,21-49-15
tesla,21-49-15
tata,21-49-15
tesla,21-49-15
tata,21-49-15
tesla,21-49-15
tata,21-49-15
tesla,21-49-15
tata,21-49-15
tesla,21-49-15
tata,21-49-15
tesla,21-49-15
tata,21-49-15
tesla,21-49-15
tata,21-49-15
tesla,21-49-15
tata,21-49-15
tesla,21-49-15
tata,21-49-15
tesla,21-49-15
tata,21-49-15
tesla,21-49-15
tata,21-49-16
tesla,21-49-16
tata,21-49-16
tesla,21-49-16
tata,21-49-16
tesla,21-49-16
tata,21-49-16
tesla,21-49-16
tata,21-49-16
tesla,21-49-16
tata,21-49-16
tesla,21-49-16
tata,21-49-16
tesla,21-49-16
tata,21-49-16
tesla,21-49-16
tata,21-49-16
tesla,21-49-16
tata,21-49-16
tesla,21-49-16
tata,21-49-16
tesla,21-49-16
tata,21-49-16
tesla,21-49-16
tata,21-49-16
tesla,21-49-16
